-- Adminer 4.2.4 MySQL dump

SET NAMES utf8;
SET time_zone = '+00:00';
SET foreign_key_checks = 0;
SET sql_mode = 'NO_AUTO_VALUE_ON_ZERO';

DROP TABLE IF EXISTS `histori_tahap`;
CREATE TABLE `histori_tahap` (
  `id` int(11) NOT NULL AUTO_INCREMENT,
  `tanggal_mulai` text NOT NULL,
  `tanggal_selesai` text NOT NULL,
  `tanggal_update` text NOT NULL,
  `user` text NOT NULL,
  `id_tahap` text NOT NULL,
  PRIMARY KEY (`id`)
) ENGINE=MyISAM DEFAULT CHARSET=latin1;

INSERT INTO `histori_tahap` (`id`, `tanggal_mulai`, `tanggal_selesai`, `tanggal_update`, `user`, `id_tahap`) VALUES
(38,	'2017-04-03',	'2017-04-04',	'2017-04-03',	'kszxpo',	'32'),
(39,	'2017-04-04',	'2017-04-05',	'2017-04-03',	'kszxpo',	'33'),
(40,	'2017-04-04',	'2017-04-05',	'2017-04-03',	'kszxpo',	'33'),
(41,	'2017-04-04',	'2017-04-05',	'2017-04-03',	'kszxpo',	'33'),
(42,	'2017-04-28',	'2017-04-30',	'2017-04-04',	'kszxpo',	'33'),
(43,	'2017-04-03',	'2017-04-30',	'2017-04-04',	'kszxpo',	'32'),
(44,	'2017-04-04',	'2017-04-30',	'2017-04-04',	'kszxpo',	'33'),
(45,	'2017-04-03',	'2017-04-07',	'2017-04-04',	'kszxpo',	'34'),
(46,	'2017-04-08',	'2017-04-12',	'2017-04-04',	'kszxpo',	'35'),
(47,	'2017-04-03',	'2017-04-09',	'2017-04-04',	'kszxpo',	'34'),
(48,	'2017-04-03',	'2017-04-09',	'2017-04-04',	'kszxpo',	'34'),
(49,	'2017-04-03',	'2017-04-08',	'2017-04-04',	'kszxpo',	'34'),
(50,	'2017-04-03',	'2017-04-08',	'2017-04-04',	'kszxpo',	'34'),
(51,	'2017-04-03',	'2017-04-08',	'2017-04-04',	'kszxpo',	'34'),
(52,	'2017-04-03',	'2017-04-08',	'2017-04-04',	'kszxpo',	'34'),
(53,	'2017-04-03',	'2017-04-08',	'2017-04-04',	'kszxpo',	'34'),
(54,	'2017-04-03',	'2017-04-08',	'2017-04-04',	'kszxpo',	'34'),
(55,	'2017-04-03',	'2017-04-08',	'2017-04-04',	'kszxpo',	'34'),
(56,	'2017-04-03',	'2017-04-08',	'2017-04-04',	'kszxpo',	'34'),
(57,	'2017-04-03',	'2017-04-08',	'2017-04-04',	'kszxpo',	'34'),
(58,	'2017-04-06',	'2017-04-12',	'2017-04-05',	'kszxpo',	'35'),
(59,	'2017-04-03',	'2017-04-06',	'2017-04-05',	'kszxpo',	'34'),
(60,	'2017-04-03',	'2017-04-04',	'2017-04-05',	'kszxpo',	'34'),
(61,	'2017-04-05',	'2017-04-12',	'2017-04-05',	'kszxpo',	'35'),
(62,	'2017-04-05',	'2017-04-12',	'2017-04-06',	'kszxpo',	'35'),
(63,	'2017-04-05',	'2017-04-12',	'2017-04-06',	'kszxpo',	'35'),
(64,	'2017-04-05',	'2017-04-12',	'2017-04-06',	'kszxpo',	'35'),
(65,	'2017-04-05',	'2017-04-12',	'2017-04-06',	'kszxpo',	'35'),
(66,	'2017-04-05',	'2017-04-12',	'2017-04-06',	'kszxpo',	'35'),
(67,	'2017-04-05',	'2017-04-06',	'2017-04-06',	'kszxpo',	'35'),
(68,	'2017-04-06',	'2017-04-08',	'2017-04-06',	'kszxpo',	'36'),
(69,	'2017-04-09',	'2017-04-14',	'2017-04-06',	'kszxpo',	'37'),
(70,	'2017-04-06',	'2017-04-08',	'2017-04-06',	'kszxpo',	'36'),
(71,	'2017-04-06',	'2017-04-08',	'2017-04-06',	'kszxpo',	'36'),
(72,	'2017-04-09',	'2017-04-14',	'2017-04-06',	'kszxpo',	'37'),
(73,	'2017-04-06',	'2017-04-08',	'2017-04-06',	'kszxpo',	'36'),
(74,	'2017-04-09',	'2017-04-14',	'2017-04-06',	'kszxpo',	'37'),
(75,	'2017-04-09',	'2017-04-14',	'2017-04-06',	'kszxpo',	'37'),
(76,	'2017-04-09',	'2017-04-14',	'2017-04-06',	'kszxpo',	'37'),
(77,	'2017-04-06',	'2017-04-08',	'2017-04-06',	'kszxpo',	'36'),
(78,	'2017-04-06',	'2017-04-08',	'2017-04-07',	'kszxpo',	'36'),
(79,	'2017-04-06',	'2017-04-08',	'2017-04-07',	'kszxpo',	'36'),
(80,	'2017-04-06',	'2017-04-08',	'2017-04-07',	'kszxpo',	'36'),
(81,	'2017-04-06',	'2017-04-08',	'2017-04-07',	'kszxpo',	'36'),
(82,	'2017-04-06',	'2017-04-08',	'2017-04-07',	'kszxpo',	'36'),
(83,	'2017-04-06',	'2017-04-08',	'2017-04-07',	'kszxpo',	'36'),
(84,	'2017-04-07',	'2017-04-07',	'2017-04-07',	'kszxpo',	'38'),
(85,	'2017-04-08',	'2017-04-09',	'2017-04-07',	'kszxpo',	'39'),
(86,	'2017-04-05',	'2017-04-06',	'2017-04-07',	'kszxpo',	'38'),
(87,	'2017-04-07',	'2017-04-09',	'2017-04-07',	'kszxpo',	'39'),
(88,	'2017-04-07',	'2017-04-09',	'2017-04-07',	'kszxpo',	'39'),
(89,	'2017-04-07',	'2017-04-09',	'2017-04-07',	'kszxpo',	'39'),
(90,	'2017-04-07',	'2017-04-09',	'2017-04-07',	'kszxpo',	'39'),
(91,	'2017-04-07',	'2017-04-07',	'2017-04-07',	'kszxpo',	'39'),
(92,	'2017-04-07',	'2017-04-07',	'2017-04-07',	'kszxpo',	'40'),
(93,	'2017-04-07',	'2017-04-07',	'2017-04-07',	'kszxpo',	'40'),
(94,	'2017-04-07',	'2017-04-08',	'2017-04-07',	'kszxpo',	'41'),
(95,	'2017-04-08',	'2017-04-08',	'2017-04-08',	'kszxpo',	'42'),
(96,	'2017-04-08',	'2017-04-08',	'2017-04-08',	'kszxpo',	'42'),
(97,	'2017-04-08',	'2017-04-08',	'2017-04-08',	'kszxpo',	'42'),
(98,	'2017-04-08',	'2017-04-08',	'2017-04-08',	'kszxpo',	'43'),
(99,	'2017-04-08',	'2017-04-08',	'2017-04-08',	'kszxpo',	'43'),
(100,	'2017-04-08',	'2017-04-08',	'2017-04-08',	'kszxpo',	'44'),
(101,	'2017-04-08',	'2017-04-08',	'2017-04-08',	'kszxpo',	'45'),
(102,	'2017-04-08',	'2017-04-08',	'2017-04-08',	'kszxpo',	'46'),
(103,	'2017-04-09',	'2017-04-09',	'2017-04-08',	'kszxpo',	'47'),
(104,	'2017-04-10',	'2017-04-15',	'2017-04-08',	'kszxpo',	'48'),
(105,	'2017-04-08',	'2017-04-08',	'2017-04-08',	'kszxpo',	'49'),
(106,	'2017-04-09',	'2017-04-10',	'2017-04-08',	'kszxpo',	'50'),
(107,	'2017-04-12',	'2017-04-14',	'2017-04-08',	'kszxpo',	'51'),
(108,	'2017-04-09',	'2017-04-10',	'2017-04-08',	'kszxpo',	'50'),
(109,	'2017-04-08',	'2017-04-08',	'2017-04-08',	'kszxpo',	'52'),
(110,	'2017-04-08',	'2017-04-08',	'2017-04-08',	'kszxpo',	'53'),
(111,	'2017-04-08',	'2017-04-08',	'2017-04-08',	'kszxpo',	'54'),
(112,	'2017-04-09',	'2017-04-09',	'2017-04-08',	'kszxpo',	'55'),
(113,	'2017-04-10',	'2017-04-10',	'2017-04-08',	'kszxpo',	'56'),
(114,	'2017-04-09',	'2017-04-09',	'2017-04-08',	'kszxpo',	'55'),
(115,	'2017-04-08',	'2017-04-08',	'2017-04-08',	'kszxpo',	'54'),
(116,	'2017-04-08',	'2017-04-08',	'2017-04-08',	'kszxpo',	'57'),
(117,	'2017-04-08',	'2017-04-08',	'2017-04-08',	'kszxpo',	'57'),
(118,	'2017-04-08',	'2017-04-08',	'2017-04-08',	'kszxpo',	'58'),
(119,	'2017-04-08',	'2017-04-08',	'2017-04-08',	'kszxpo',	'58'),
(120,	'2017-04-08',	'2017-04-09',	'2017-04-08',	'kszxpo',	'59'),
(121,	'2017-04-08',	'2017-04-08',	'2017-04-08',	'kszxpo',	'54'),
(122,	'2017-04-08',	'2017-04-08',	'2017-04-08',	'kszxpo',	'54'),
(123,	'2017-04-08',	'2017-04-08',	'2017-04-08',	'kszxpo',	'57'),
(124,	'2017-04-08',	'2017-04-08',	'2017-04-08',	'kszxpo',	'57'),
(125,	'2017-04-08',	'2017-04-08',	'2017-04-08',	'kszxpo',	'58'),
(126,	'2017-04-08',	'2017-04-08',	'2017-04-08',	'kszxpo',	'58'),
(127,	'2017-04-08',	'2017-04-08',	'2017-04-08',	'kszxpo',	'60'),
(128,	'2017-04-08',	'2017-04-10',	'2017-04-09',	'kszxpo',	'60'),
(129,	'2017-04-09',	'2017-04-09',	'2017-04-09',	'kszxpo',	'61'),
(130,	'2017-04-09',	'2017-04-10',	'2017-04-10',	'kszxpo',	'61'),
(131,	'2017-04-09',	'2017-04-10',	'2017-04-10',	'kszxpo',	'61'),
(132,	'2017-04-09',	'2017-04-09',	'2017-04-10',	'kszxpo',	'61'),
(133,	'2017-04-10',	'2017-04-10',	'2017-04-10',	'kszxpo',	'62'),
(134,	'2017-04-10',	'2017-04-10',	'2017-04-10',	'kszxpo',	'62'),
(135,	'2017-04-10',	'2017-04-10',	'2017-04-10',	'kszxpo',	'63'),
(136,	'2017-04-10',	'2017-04-10',	'2017-04-10',	'kszxpo',	'64'),
(137,	'2017-04-10',	'2017-04-10',	'2017-04-10',	'kszxpo',	'64'),
(138,	'2017-04-10',	'2017-04-10',	'2017-04-10',	'kszxpo',	'65'),
(139,	'2017-04-10',	'2017-04-10',	'2017-04-10',	'kszxpo',	'65'),
(140,	'2017-04-10',	'2017-04-10',	'2017-04-10',	'kszxpo',	'66'),
(141,	'2017-04-10',	'2017-04-10',	'2017-04-10',	'kszxpo',	'66'),
(142,	'2017-04-10',	'2017-04-10',	'2017-04-10',	'kszxpo',	'67'),
(143,	'2017-04-10',	'2017-04-10',	'2017-04-10',	'kszxpo',	'67'),
(144,	'2017-04-10',	'2017-04-10',	'2017-04-10',	'kszxpo',	'68'),
(145,	'2017-04-10',	'2017-04-10',	'2017-04-10',	'kszxpo',	'68'),
(146,	'2017-04-10',	'2017-04-10',	'2017-04-10',	'kszxpo',	'68'),
(147,	'2017-04-10',	'2017-04-11',	'2017-04-10',	'kszxpo',	'69');

DROP TABLE IF EXISTS `ref_tahap_anggaran`;
CREATE TABLE `ref_tahap_anggaran` (
  `id_tahap` int(11) NOT NULL AUTO_INCREMENT,
  `nama_tahap` text NOT NULL,
  `anggaran` text NOT NULL,
  `tahun` text NOT NULL,
  `no_urut` text NOT NULL,
  `id_modul` text NOT NULL,
  `jenis_form_modul` text NOT NULL,
  `tanggal_mulai` text NOT NULL,
  `jam_mulai` text NOT NULL,
  `tanggal_selesai` text NOT NULL,
  `jam_selesai` text NOT NULL,
  `status_jadwal` text NOT NULL,
  `status_penyusunan` text NOT NULL,
  `tgl_update` text NOT NULL,
  `user` text NOT NULL,
  PRIMARY KEY (`id_tahap`)
) ENGINE=MyISAM DEFAULT CHARSET=latin1;

INSERT INTO `ref_tahap_anggaran` (`id_tahap`, `nama_tahap`, `anggaran`, `tahun`, `no_urut`, `id_modul`, `jenis_form_modul`, `tanggal_mulai`, `jam_mulai`, `tanggal_selesai`, `jam_selesai`, `status_jadwal`, `status_penyusunan`, `tgl_update`, `user`) VALUES
(68,	'VALIDASI PLAFON 2',	'MURNI',	'2018',	'5',	'1',	'VALIDASI',	'2017-04-10',	'03:11',	'2017-04-10',	'05:00',	'PERUBAHAN KE 2',	'AKTIF',	'2017-04-10',	'kszxpo'),
(67,	'KOREKSI DUA',	'MURNI',	'2018',	'4',	'1',	'KOREKSI',	'2017-04-10',	'03:09',	'2017-04-10',	'03:10',	'PERUBAHAN KE 1',	'AKTIF',	'2017-04-10',	'kszxpo'),
(66,	'KOREKSI SATU',	'MURNI',	'2018',	'3',	'1',	'KOREKSI',	'2017-04-10',	'03:00',	'2017-04-10',	'03:03',	'PERUBAHAN KE 1',	'AKTIF',	'2017-04-10',	'kszxpo'),
(64,	'PENYUSUNAN PLAFON ANGGARAN SKPD',	'MURNI',	'2018',	'1',	'1',	'PENYUSUNAN',	'2017-04-10',	'00:01',	'2017-04-10',	'00:02',	'PERUBAHAN KE 1',	'AKTIF',	'2017-04-10',	'kszxpo'),
(65,	'VALIDASI PLAFON ANGGARAN SKPD',	'MURNI',	'2018',	'2',	'1',	'VALIDASI',	'2017-04-10',	'01:01',	'2017-04-10',	'02:00',	'PERUBAHAN KE 1',	'AKTIF',	'2017-04-10',	'kszxpo'),
(69,	'PENYUSUNAN RENCANA KERJA SKPD',	'MURNI',	'2018',	'6',	'2',	'PENYUSUNAN',	'2017-04-10',	'06:00',	'2017-04-11',	'18:17',	'NORMAL',	'AKTIF',	'2017-04-10',	'kszxpo');

DROP TABLE IF EXISTS `tabel_anggaran`;
CREATE TABLE `tabel_anggaran` (
  `id_anggaran` int(11) NOT NULL AUTO_INCREMENT,
  `jenis_anggaran` text NOT NULL,
  `tahun` char(4) NOT NULL,
  `c1` char(1) CHARACTER SET latin1 COLLATE latin1_general_ci NOT NULL,
  `c` char(2) CHARACTER SET latin1 COLLATE latin1_general_ci NOT NULL,
  `d` char(2) CHARACTER SET latin1 COLLATE latin1_general_ci NOT NULL,
  `e` char(2) CHARACTER SET latin1 COLLATE latin1_general_ci NOT NULL,
  `e1` char(3) CHARACTER SET latin1 COLLATE latin1_general_ci NOT NULL,
  `bk` tinyint(3) NOT NULL DEFAULT '0',
  `ck` tinyint(3) NOT NULL DEFAULT '0',
  `p` tinyint(4) NOT NULL,
  `q` tinyint(4) NOT NULL,
  `k` char(1) CHARACTER SET latin1 COLLATE latin1_general_ci NOT NULL,
  `l` char(1) CHARACTER SET latin1 COLLATE latin1_general_ci NOT NULL,
  `m` char(1) CHARACTER SET latin1 COLLATE latin1_general_ci NOT NULL,
  `n` char(3) CHARACTER SET latin1 COLLATE latin1_general_ci NOT NULL,
  `o` char(3) CHARACTER SET latin1 COLLATE latin1_general_ci NOT NULL,
  `volume_rek` text NOT NULL,
  `satuan_rek` text NOT NULL,
  `j` char(3) NOT NULL,
  `jenis_rka` text NOT NULL,
  `f` char(2) NOT NULL,
  `f1` char(1) NOT NULL,
  `h` char(2) NOT NULL,
  `f2` char(1) NOT NULL,
  `i` char(2) NOT NULL,
  `g` char(2) NOT NULL,
  `id_tahap` int(11) NOT NULL,
  `satuan_barang` text NOT NULL,
  `tgl_update` text NOT NULL,
  `jumlah` text NOT NULL,
  `jumlah_harga` text NOT NULL,
  `tanggal_validasi` text NOT NULL,
  `volume_barang` int(11) NOT NULL,
  `tanggal_update` text NOT NULL,
  `user_update` text NOT NULL,
  `catatan` text NOT NULL,
  `status_validasi` text NOT NULL,
  `user_validasi` text NOT NULL,
  `sumber_dana` text NOT NULL,
  `nama_modul` text NOT NULL,
  PRIMARY KEY (`id_anggaran`)
) ENGINE=MyISAM DEFAULT CHARSET=latin1;

INSERT INTO `tabel_anggaran` (`id_anggaran`, `jenis_anggaran`, `tahun`, `c1`, `c`, `d`, `e`, `e1`, `bk`, `ck`, `p`, `q`, `k`, `l`, `m`, `n`, `o`, `volume_rek`, `satuan_rek`, `j`, `jenis_rka`, `f`, `f1`, `h`, `f2`, `i`, `g`, `id_tahap`, `satuan_barang`, `tgl_update`, `jumlah`, `jumlah_harga`, `tanggal_validasi`, `volume_barang`, `tanggal_update`, `user_update`, `catatan`, `status_validasi`, `user_validasi`, `sumber_dana`, `nama_modul`) VALUES
(208,	'MURNI',	'2018',	'1',	'00',	'00',	'00',	'000',	0,	0,	0,	0,	'',	'',	'',	'',	'',	'',	'',	'',	'',	'',	'',	'',	'',	'',	'',	65,	'',	'',	'',	'',	'',	0,	'',	'',	'',	'',	'',	'',	'PLAFON'),
(209,	'MURNI',	'2018',	'1',	'01',	'00',	'00',	'000',	0,	0,	0,	0,	'',	'',	'',	'',	'',	'',	'',	'',	'',	'',	'',	'',	'',	'',	'',	65,	'',	'',	'',	'',	'',	0,	'',	'',	'',	'',	'',	'',	'PLAFON'),
(210,	'MURNI',	'2018',	'1',	'04',	'00',	'00',	'000',	0,	0,	0,	0,	'',	'',	'',	'',	'',	'',	'',	'',	'',	'',	'',	'',	'',	'',	'',	65,	'',	'',	'',	'',	'',	0,	'',	'',	'',	'',	'',	'',	'PLAFON'),
(205,	'MURNI',	'2018',	'1',	'04',	'53',	'00',	'000',	0,	0,	0,	0,	'',	'',	'',	'',	'',	'',	'',	'',	'',	'',	'',	'',	'',	'',	'',	65,	'',	'2017-04-10',	'9000000000',	'',	'2017-04-10',	0,	'',	'kszxpo',	'',	'1',	'kszxpo',	'',	'PLAFON'),
(204,	'MURNI',	'2018',	'1',	'04',	'52',	'00',	'000',	0,	0,	0,	0,	'',	'',	'',	'',	'',	'',	'',	'',	'',	'',	'',	'',	'',	'',	'',	65,	'',	'2017-04-10',	'7000000000',	'',	'2017-04-10',	0,	'',	'kszxpo',	'',	'1',	'kszxpo',	'',	'PLAFON'),
(203,	'MURNI',	'2018',	'1',	'04',	'51',	'00',	'000',	0,	0,	0,	0,	'',	'',	'',	'',	'',	'',	'',	'',	'',	'',	'',	'',	'',	'',	'',	65,	'',	'2017-04-10',	'6000000000',	'',	'2017-04-10',	0,	'',	'kszxpo',	'',	'1',	'kszxpo',	'',	'PLAFON'),
(202,	'MURNI',	'2018',	'1',	'04',	'50',	'00',	'000',	0,	0,	0,	0,	'',	'',	'',	'',	'',	'',	'',	'',	'',	'',	'',	'',	'',	'',	'',	65,	'',	'2017-04-10',	'5000000000',	'',	'2017-04-10',	0,	'',	'kszxpo',	'',	'1',	'kszxpo',	'',	'PLAFON'),
(201,	'MURNI',	'2018',	'1',	'04',	'04',	'00',	'000',	0,	0,	0,	0,	'',	'',	'',	'',	'',	'',	'',	'',	'',	'',	'',	'',	'',	'',	'',	65,	'',	'2017-04-10',	'4000000000',	'',	'2017-04-10',	0,	'',	'kszxpo',	'',	'1',	'kszxpo',	'',	'PLAFON'),
(200,	'MURNI',	'2018',	'1',	'04',	'03',	'00',	'000',	0,	0,	0,	0,	'',	'',	'',	'',	'',	'',	'',	'',	'',	'',	'',	'',	'',	'',	'',	65,	'',	'2017-04-10',	'3000000000',	'',	'2017-04-10',	0,	'',	'kszxpo',	'',	'1',	'kszxpo',	'',	'PLAFON'),
(199,	'MURNI',	'2018',	'1',	'04',	'02',	'00',	'000',	0,	0,	0,	0,	'',	'',	'',	'',	'',	'',	'',	'',	'',	'',	'',	'',	'',	'',	'',	65,	'',	'2017-04-10',	'2000000000',	'',	'2017-04-10',	0,	'',	'kszxpo',	'',	'1',	'kszxpo',	'',	'PLAFON'),
(198,	'MURNI',	'2018',	'1',	'04',	'01',	'00',	'000',	0,	0,	0,	0,	'',	'',	'',	'',	'',	'',	'',	'',	'',	'',	'',	'',	'',	'',	'',	65,	'',	'2017-04-10',	'1000000000',	'',	'2017-04-10',	0,	'',	'kszxpo',	'',	'1',	'kszxpo',	'',	'PLAFON'),
(197,	'MURNI',	'2018',	'1',	'04',	'00',	'00',	'000',	0,	0,	0,	0,	'',	'',	'',	'',	'',	'',	'',	'',	'',	'',	'',	'',	'',	'',	'',	64,	'',	'',	'',	'',	'',	0,	'',	'',	'',	'',	'',	'',	'PLAFON'),
(194,	'MURNI',	'2018',	'1',	'01',	'01',	'00',	'000',	0,	0,	0,	0,	'',	'',	'',	'',	'',	'',	'',	'',	'',	'',	'',	'',	'',	'',	'',	65,	'',	'2017-04-10',	'500000000',	'',	'2017-04-10',	0,	'',	'kszxpo',	'',	'1',	'kszxpo',	'',	'PLAFON'),
(195,	'MURNI',	'2018',	'1',	'02',	'00',	'00',	'000',	0,	0,	0,	0,	'',	'',	'',	'',	'',	'',	'',	'',	'',	'',	'',	'',	'',	'',	'',	64,	'',	'',	'',	'',	'',	0,	'',	'',	'',	'',	'',	'',	'PLAFON'),
(196,	'MURNI',	'2018',	'1',	'02',	'01',	'00',	'000',	0,	0,	0,	0,	'',	'',	'',	'',	'',	'',	'',	'',	'',	'',	'',	'',	'',	'',	'',	64,	'',	'2017-04-10',	'800000000',	'',	'',	0,	'',	'kszxpo',	'',	'',	'',	'',	'PLAFON'),
(193,	'MURNI',	'2018',	'1',	'01',	'00',	'00',	'000',	0,	0,	0,	0,	'',	'',	'',	'',	'',	'',	'',	'',	'',	'',	'',	'',	'',	'',	'',	64,	'',	'',	'',	'',	'',	0,	'',	'',	'',	'',	'',	'',	'PLAFON'),
(192,	'MURNI',	'2018',	'1',	'00',	'00',	'00',	'000',	0,	0,	0,	0,	'',	'',	'',	'',	'',	'',	'',	'',	'',	'',	'',	'',	'',	'',	'',	64,	'',	'',	'',	'',	'',	0,	'',	'',	'',	'',	'',	'',	'PLAFON'),
(221,	'MURNI',	'2018',	'1',	'01',	'01',	'00',	'000',	0,	0,	0,	0,	'',	'',	'',	'',	'',	'',	'',	'',	'',	'',	'',	'',	'',	'',	'',	66,	'',	'',	'500000000',	'',	'',	0,	'',	'',	'',	'',	'',	'',	'PLAFON'),
(217,	'MURNI',	'2018',	'1',	'00',	'00',	'00',	'000',	0,	0,	0,	0,	'',	'',	'',	'',	'',	'',	'',	'',	'',	'',	'',	'',	'',	'',	'',	66,	'',	'',	'',	'',	'',	0,	'',	'',	'',	'',	'',	'',	'PLAFON'),
(218,	'MURNI',	'2018',	'1',	'01',	'00',	'00',	'000',	0,	0,	0,	0,	'',	'',	'',	'',	'',	'',	'',	'',	'',	'',	'',	'',	'',	'',	'',	66,	'',	'',	'',	'',	'',	0,	'',	'',	'',	'',	'',	'',	'PLAFON'),
(222,	'MURNI',	'2018',	'1',	'04',	'00',	'00',	'000',	0,	0,	0,	0,	'',	'',	'',	'',	'',	'',	'',	'',	'',	'',	'',	'',	'',	'',	'',	66,	'',	'',	'',	'',	'',	0,	'',	'',	'',	'',	'',	'',	'PLAFON'),
(223,	'MURNI',	'2018',	'1',	'04',	'01',	'00',	'000',	0,	0,	0,	0,	'',	'',	'',	'',	'',	'',	'',	'',	'',	'',	'',	'',	'',	'',	'',	66,	'',	'',	'1250000000',	'',	'',	0,	'',	'',	'',	'',	'',	'',	'PLAFON'),
(228,	'MURNI',	'2018',	'1',	'04',	'03',	'00',	'000',	0,	0,	0,	0,	'',	'',	'',	'',	'',	'',	'',	'',	'',	'',	'',	'',	'',	'',	'',	66,	'',	'',	'3250000000',	'',	'',	0,	'',	'',	'',	'',	'',	'',	'PLAFON'),
(227,	'MURNI',	'2018',	'1',	'04',	'02',	'00',	'000',	0,	0,	0,	0,	'',	'',	'',	'',	'',	'',	'',	'',	'',	'',	'',	'',	'',	'',	'',	66,	'',	'',	'2250000000',	'',	'',	0,	'',	'',	'',	'',	'',	'',	'PLAFON'),
(229,	'MURNI',	'2018',	'1',	'04',	'04',	'00',	'000',	0,	0,	0,	0,	'',	'',	'',	'',	'',	'',	'',	'',	'',	'',	'',	'',	'',	'',	'',	66,	'',	'',	'4250000000',	'',	'',	0,	'',	'',	'',	'',	'',	'',	'PLAFON'),
(230,	'MURNI',	'2018',	'1',	'04',	'51',	'00',	'000',	0,	0,	0,	0,	'',	'',	'',	'',	'',	'',	'',	'',	'',	'',	'',	'',	'',	'',	'',	66,	'',	'',	'6250000000',	'',	'',	0,	'',	'',	'',	'',	'',	'',	'PLAFON'),
(231,	'MURNI',	'2018',	'1',	'04',	'52',	'00',	'000',	0,	0,	0,	0,	'',	'',	'',	'',	'',	'',	'',	'',	'',	'',	'',	'',	'',	'',	'',	66,	'',	'',	'7250000000',	'',	'',	0,	'',	'',	'',	'',	'',	'',	'PLAFON'),
(232,	'MURNI',	'2018',	'1',	'04',	'53',	'00',	'000',	0,	0,	0,	0,	'',	'',	'',	'',	'',	'',	'',	'',	'',	'',	'',	'',	'',	'',	'',	66,	'',	'',	'9250000000',	'',	'',	0,	'',	'',	'',	'',	'',	'',	'PLAFON'),
(233,	'MURNI',	'2018',	'1',	'00',	'00',	'00',	'000',	0,	0,	0,	0,	'',	'',	'',	'',	'',	'',	'',	'',	'',	'',	'',	'',	'',	'',	'',	67,	'',	'',	'',	'',	'',	0,	'',	'',	'',	'',	'',	'',	'PLAFON'),
(234,	'MURNI',	'2018',	'1',	'01',	'00',	'00',	'000',	0,	0,	0,	0,	'',	'',	'',	'',	'',	'',	'',	'',	'',	'',	'',	'',	'',	'',	'',	67,	'',	'',	'',	'',	'',	0,	'',	'',	'',	'',	'',	'',	'PLAFON'),
(235,	'MURNI',	'2018',	'1',	'01',	'01',	'00',	'000',	0,	0,	0,	0,	'',	'',	'',	'',	'',	'',	'',	'',	'',	'',	'',	'',	'',	'',	'',	68,	'',	'',	'5500000000',	'',	'2017-04-10',	0,	'',	'',	'',	'1',	'kszxpo',	'',	'PLAFON'),
(236,	'MURNI',	'2018',	'1',	'04',	'00',	'00',	'000',	0,	0,	0,	0,	'',	'',	'',	'',	'',	'',	'',	'',	'',	'',	'',	'',	'',	'',	'',	67,	'',	'',	'',	'',	'',	0,	'',	'',	'',	'',	'',	'',	'PLAFON'),
(237,	'MURNI',	'2018',	'1',	'04',	'02',	'00',	'000',	0,	0,	0,	0,	'',	'',	'',	'',	'',	'',	'',	'',	'',	'',	'',	'',	'',	'',	'',	68,	'',	'',	'2250000000',	'',	'2017-04-10',	0,	'',	'',	'',	'1',	'kszxpo',	'',	'PLAFON'),
(238,	'MURNI',	'2018',	'1',	'04',	'01',	'00',	'000',	0,	0,	0,	0,	'',	'',	'',	'',	'',	'',	'',	'',	'',	'',	'',	'',	'',	'',	'',	68,	'',	'',	'150000000',	'',	'2017-04-10',	0,	'',	'',	'',	'1',	'kszxpo',	'',	'PLAFON'),
(239,	'MURNI',	'2018',	'1',	'04',	'03',	'00',	'000',	0,	0,	0,	0,	'',	'',	'',	'',	'',	'',	'',	'',	'',	'',	'',	'',	'',	'',	'',	68,	'',	'',	'4000000000',	'',	'2017-04-10',	0,	'',	'',	'',	'1',	'kszxpo',	'',	'PLAFON'),
(240,	'MURNI',	'2018',	'1',	'04',	'04',	'00',	'000',	0,	0,	0,	0,	'',	'',	'',	'',	'',	'',	'',	'',	'',	'',	'',	'',	'',	'',	'',	68,	'',	'',	'4250000000',	'',	'2017-04-10',	0,	'',	'',	'',	'1',	'kszxpo',	'',	'PLAFON'),
(241,	'MURNI',	'2018',	'1',	'04',	'51',	'00',	'000',	0,	0,	0,	0,	'',	'',	'',	'',	'',	'',	'',	'',	'',	'',	'',	'',	'',	'',	'',	68,	'',	'',	'7000000000',	'',	'2017-04-10',	0,	'',	'',	'',	'1',	'kszxpo',	'',	'PLAFON'),
(242,	'MURNI',	'2018',	'1',	'04',	'52',	'00',	'000',	0,	0,	0,	0,	'',	'',	'',	'',	'',	'',	'',	'',	'',	'',	'',	'',	'',	'',	'',	67,	'',	'',	'8000000000',	'',	'',	0,	'',	'',	'',	'',	'',	'',	'PLAFON'),
(243,	'MURNI',	'2018',	'1',	'00',	'00',	'00',	'000',	0,	0,	0,	0,	'',	'',	'',	'',	'',	'',	'',	'',	'',	'',	'',	'',	'',	'',	'',	68,	'',	'',	'',	'',	'',	0,	'',	'',	'',	'',	'',	'',	'PLAFON'),
(244,	'MURNI',	'2018',	'1',	'01',	'00',	'00',	'000',	0,	0,	0,	0,	'',	'',	'',	'',	'',	'',	'',	'',	'',	'',	'',	'',	'',	'',	'',	68,	'',	'',	'',	'',	'',	0,	'',	'',	'',	'',	'',	'',	'PLAFON'),
(245,	'MURNI',	'2018',	'1',	'04',	'00',	'00',	'000',	0,	0,	0,	0,	'',	'',	'',	'',	'',	'',	'',	'',	'',	'',	'',	'',	'',	'',	'',	68,	'',	'',	'',	'',	'',	0,	'',	'',	'',	'',	'',	'',	'PLAFON'),
(274,	'MURNI',	'2018',	'1',	'00',	'00',	'00',	'000',	0,	0,	0,	0,	'',	'',	'',	'',	'',	'',	'',	'',	'',	'',	'',	'',	'',	'',	'',	69,	'',	'',	'',	'',	'',	0,	'',	'',	'',	'',	'',	'',	'RENJA'),
(275,	'MURNI',	'2018',	'1',	'01',	'00',	'00',	'000',	0,	0,	0,	0,	'',	'',	'',	'',	'',	'',	'',	'',	'',	'',	'',	'',	'',	'',	'',	69,	'',	'',	'',	'',	'',	0,	'',	'',	'',	'',	'',	'',	'RENJA'),
(276,	'MURNI',	'2018',	'1',	'01',	'01',	'00',	'000',	0,	0,	0,	0,	'',	'',	'',	'',	'',	'',	'',	'',	'',	'',	'',	'',	'',	'',	'',	69,	'',	'',	'',	'',	'',	0,	'',	'',	'',	'',	'',	'',	'RENJA'),
(277,	'MURNI',	'2018',	'1',	'01',	'01',	'01',	'000',	0,	0,	0,	0,	'',	'',	'',	'',	'',	'',	'',	'',	'',	'',	'',	'',	'',	'',	'',	69,	'',	'',	'',	'',	'',	0,	'',	'',	'',	'',	'',	'',	'RENJA'),
(278,	'MURNI',	'2018',	'1',	'01',	'01',	'01',	'001',	0,	0,	0,	0,	'',	'',	'',	'',	'',	'',	'',	'',	'',	'',	'',	'',	'',	'',	'',	69,	'',	'',	'',	'',	'',	0,	'',	'',	'',	'',	'',	'',	'RENJA'),
(279,	'MURNI',	'2018',	'1',	'01',	'01',	'01',	'001',	1,	1,	16,	0,	'',	'',	'',	'',	'',	'',	'',	'',	'',	'',	'',	'',	'',	'',	'',	69,	'',	'',	'',	'',	'',	0,	'',	'',	'',	'',	'',	'',	'RENJA'),
(294,	'MURNI',	'2018',	'1',	'01',	'01',	'01',	'001',	1,	1,	22,	0,	'',	'',	'',	'',	'',	'',	'',	'',	'',	'',	'',	'',	'',	'',	'',	69,	'',	'',	'',	'',	'',	0,	'',	'',	'',	'',	'',	'',	'RENJA'),
(283,	'MURNI',	'2018',	'1',	'01',	'01',	'01',	'001',	1,	1,	19,	0,	'',	'',	'',	'',	'',	'',	'',	'',	'',	'',	'',	'',	'',	'',	'',	69,	'',	'',	'',	'',	'',	0,	'',	'',	'',	'',	'',	'',	'RENJA'),
(284,	'MURNI',	'2018',	'1',	'01',	'01',	'01',	'001',	1,	1,	19,	3,	'',	'',	'',	'',	'',	'',	'',	'',	'',	'',	'',	'',	'',	'',	'',	69,	'',	'',	'500000000',	'',	'',	0,	'17-04-11',	'kszxpo',	'',	'',	'',	'APBD',	'RENJA'),
(285,	'MURNI',	'2018',	'1',	'01',	'01',	'01',	'001',	1,	1,	23,	0,	'',	'',	'',	'',	'',	'',	'',	'',	'',	'',	'',	'',	'',	'',	'',	69,	'',	'',	'',	'',	'',	0,	'',	'',	'',	'',	'',	'',	'RENJA'),
(286,	'MURNI',	'2018',	'1',	'01',	'01',	'01',	'001',	1,	1,	23,	2,	'',	'',	'',	'',	'',	'',	'',	'',	'',	'',	'',	'',	'',	'',	'',	69,	'',	'',	'50000000',	'',	'',	0,	'17-04-11',	'kszxpo',	'',	'',	'',	'APBD',	'RENJA'),
(287,	'MURNI',	'2018',	'1',	'01',	'01',	'01',	'001',	0,	0,	8,	0,	'',	'',	'',	'',	'',	'',	'',	'',	'',	'',	'',	'',	'',	'',	'',	69,	'',	'',	'',	'',	'',	0,	'',	'',	'',	'',	'',	'',	'RENJA'),
(288,	'MURNI',	'2018',	'1',	'01',	'01',	'01',	'001',	0,	0,	8,	24,	'',	'',	'',	'',	'',	'',	'',	'',	'',	'',	'',	'',	'',	'',	'',	69,	'',	'',	'1000000000',	'',	'',	0,	'17-04-11',	'kszxpo',	'',	'',	'',	'APBD',	'RENJA'),
(289,	'MURNI',	'2018',	'1',	'01',	'01',	'01',	'001',	2,	2,	17,	0,	'',	'',	'',	'',	'',	'',	'',	'',	'',	'',	'',	'',	'',	'',	'',	69,	'',	'',	'',	'',	'',	0,	'',	'',	'',	'',	'',	'',	'RENJA'),
(290,	'MURNI',	'2018',	'1',	'01',	'01',	'01',	'001',	2,	2,	17,	1,	'',	'',	'',	'',	'',	'',	'',	'',	'',	'',	'',	'',	'',	'',	'',	69,	'',	'',	'900000000',	'',	'',	0,	'17-04-11',	'kszxpo',	'',	'',	'',	'APBD',	'RENJA'),
(291,	'MURNI',	'2018',	'1',	'01',	'01',	'01',	'001',	2,	2,	22,	0,	'',	'',	'',	'',	'',	'',	'',	'',	'',	'',	'',	'',	'',	'',	'',	69,	'',	'',	'',	'',	'',	0,	'',	'',	'',	'',	'',	'',	'RENJA'),
(292,	'MURNI',	'2018',	'1',	'01',	'01',	'01',	'001',	2,	2,	22,	7,	'',	'',	'',	'',	'',	'',	'',	'',	'',	'',	'',	'',	'',	'',	'',	69,	'',	'',	'500000000',	'',	'',	0,	'17-04-11',	'kszxpo',	'',	'',	'',	'APBD',	'RENJA'),
(293,	'MURNI',	'2018',	'1',	'01',	'01',	'01',	'001',	2,	2,	22,	1,	'',	'',	'',	'',	'',	'',	'',	'',	'',	'',	'',	'',	'',	'',	'',	69,	'',	'',	'800000000',	'',	'',	0,	'17-04-11',	'kszxpo',	'',	'',	'',	'Komite',	'RENJA'),
(295,	'MURNI',	'2018',	'1',	'01',	'01',	'01',	'001',	1,	1,	22,	3,	'',	'',	'',	'',	'',	'',	'',	'',	'',	'',	'',	'',	'',	'',	'',	69,	'',	'',	'300000000',	'',	'',	0,	'17-04-11',	'kszxpo',	'',	'',	'',	'BANPROV',	'RENJA'),
(296,	'MURNI',	'2018',	'1',	'01',	'01',	'01',	'001',	1,	1,	25,	0,	'',	'',	'',	'',	'',	'',	'',	'',	'',	'',	'',	'',	'',	'',	'',	69,	'',	'',	'',	'',	'',	0,	'',	'',	'',	'',	'',	'',	'RENJA'),
(297,	'MURNI',	'2018',	'1',	'01',	'01',	'01',	'001',	1,	1,	25,	1,	'',	'',	'',	'',	'',	'',	'',	'',	'',	'',	'',	'',	'',	'',	'',	69,	'',	'',	'900000000',	'',	'',	0,	'17-04-11',	'kszxpo',	'',	'',	'',	'APBD',	'RENJA'),
(298,	'MURNI',	'2018',	'1',	'01',	'01',	'01',	'002',	0,	0,	0,	0,	'',	'',	'',	'',	'',	'',	'',	'',	'',	'',	'',	'',	'',	'',	'',	69,	'',	'',	'',	'',	'',	0,	'',	'',	'',	'',	'',	'',	'RENJA'),
(299,	'MURNI',	'2018',	'1',	'01',	'01',	'01',	'002',	0,	0,	5,	0,	'',	'',	'',	'',	'',	'',	'',	'',	'',	'',	'',	'',	'',	'',	'',	69,	'',	'',	'',	'',	'',	0,	'',	'',	'',	'',	'',	'',	'RENJA'),
(300,	'MURNI',	'2018',	'1',	'01',	'01',	'01',	'002',	0,	0,	5,	7,	'',	'',	'',	'',	'',	'',	'',	'',	'',	'',	'',	'',	'',	'',	'',	69,	'',	'',	'500000000',	'',	'',	0,	'17-04-11',	'kszxpo',	'',	'',	'',	'APBD',	'RENJA'),
(301,	'MURNI',	'2018',	'1',	'01',	'01',	'01',	'002',	1,	1,	24,	0,	'',	'',	'',	'',	'',	'',	'',	'',	'',	'',	'',	'',	'',	'',	'',	69,	'',	'',	'',	'',	'',	0,	'',	'',	'',	'',	'',	'',	'RENJA'),
(305,	'MURNI',	'2018',	'1',	'01',	'01',	'01',	'002',	1,	1,	26,	0,	'',	'',	'',	'',	'',	'',	'',	'',	'',	'',	'',	'',	'',	'',	'',	69,	'',	'',	'',	'',	'',	0,	'',	'',	'',	'',	'',	'',	'RENJA'),
(306,	'MURNI',	'2018',	'1',	'01',	'01',	'01',	'002',	1,	1,	26,	1,	'',	'',	'',	'',	'',	'',	'',	'',	'',	'',	'',	'',	'',	'',	'',	69,	'',	'',	'50000000',	'',	'',	0,	'17-04-11',	'kszxpo',	'',	'',	'',	'Block Grand',	'RENJA'),
(307,	'MURNI',	'2018',	'1',	'04',	'00',	'00',	'000',	0,	0,	0,	0,	'',	'',	'',	'',	'',	'',	'',	'',	'',	'',	'',	'',	'',	'',	'',	69,	'',	'',	'',	'',	'',	0,	'',	'',	'',	'',	'',	'',	'RENJA'),
(308,	'MURNI',	'2018',	'1',	'04',	'01',	'00',	'000',	0,	0,	0,	0,	'',	'',	'',	'',	'',	'',	'',	'',	'',	'',	'',	'',	'',	'',	'',	69,	'',	'',	'',	'',	'',	0,	'',	'',	'',	'',	'',	'',	'RENJA'),
(309,	'MURNI',	'2018',	'1',	'04',	'01',	'01',	'000',	0,	0,	0,	0,	'',	'',	'',	'',	'',	'',	'',	'',	'',	'',	'',	'',	'',	'',	'',	69,	'',	'',	'',	'',	'',	0,	'',	'',	'',	'',	'',	'',	'RENJA'),
(310,	'MURNI',	'2018',	'1',	'04',	'01',	'01',	'001',	0,	0,	0,	0,	'',	'',	'',	'',	'',	'',	'',	'',	'',	'',	'',	'',	'',	'',	'',	69,	'',	'',	'',	'',	'',	0,	'',	'',	'',	'',	'',	'',	'RENJA'),
(311,	'MURNI',	'2018',	'1',	'04',	'01',	'01',	'001',	0,	0,	7,	0,	'',	'',	'',	'',	'',	'',	'',	'',	'',	'',	'',	'',	'',	'',	'',	69,	'',	'',	'',	'',	'',	0,	'',	'',	'',	'',	'',	'',	'RENJA'),
(312,	'MURNI',	'2018',	'1',	'04',	'01',	'01',	'001',	0,	0,	7,	1,	'',	'',	'',	'',	'',	'',	'',	'',	'',	'',	'',	'',	'',	'',	'',	69,	'',	'',	'10000000',	'',	'',	0,	'17-04-11',	'kszxpo',	'',	'',	'',	'APBD',	'RENJA'),
(313,	'MURNI',	'2018',	'1',	'04',	'01',	'01',	'001',	0,	0,	8,	0,	'',	'',	'',	'',	'',	'',	'',	'',	'',	'',	'',	'',	'',	'',	'',	69,	'',	'',	'',	'',	'',	0,	'',	'',	'',	'',	'',	'',	'RENJA'),
(314,	'MURNI',	'2018',	'1',	'04',	'01',	'01',	'001',	0,	0,	8,	5,	'',	'',	'',	'',	'',	'',	'',	'',	'',	'',	'',	'',	'',	'',	'',	69,	'',	'',	'11000000',	'',	'',	0,	'17-04-11',	'kszxpo',	'',	'',	'',	'BOS APBN',	'RENJA'),
(315,	'MURNI',	'2018',	'1',	'04',	'01',	'02',	'000',	0,	0,	0,	0,	'',	'',	'',	'',	'',	'',	'',	'',	'',	'',	'',	'',	'',	'',	'',	69,	'',	'',	'',	'',	'',	0,	'',	'',	'',	'',	'',	'',	'RENJA'),
(316,	'MURNI',	'2018',	'1',	'04',	'01',	'02',	'001',	0,	0,	0,	0,	'',	'',	'',	'',	'',	'',	'',	'',	'',	'',	'',	'',	'',	'',	'',	69,	'',	'',	'',	'',	'',	0,	'',	'',	'',	'',	'',	'',	'RENJA'),
(317,	'MURNI',	'2018',	'1',	'04',	'01',	'02',	'001',	2,	2,	20,	0,	'',	'',	'',	'',	'',	'',	'',	'',	'',	'',	'',	'',	'',	'',	'',	69,	'',	'',	'',	'',	'',	0,	'',	'',	'',	'',	'',	'',	'RENJA'),
(318,	'MURNI',	'2018',	'1',	'04',	'01',	'02',	'001',	2,	2,	20,	1,	'',	'',	'',	'',	'',	'',	'',	'',	'',	'',	'',	'',	'',	'',	'',	69,	'',	'',	'9000000',	'',	'',	0,	'17-04-11',	'kszxpo',	'',	'',	'',	'BANPROV',	'RENJA'),
(319,	'MURNI',	'2018',	'1',	'04',	'01',	'02',	'001',	0,	0,	9,	0,	'',	'',	'',	'',	'',	'',	'',	'',	'',	'',	'',	'',	'',	'',	'',	69,	'',	'',	'',	'',	'',	0,	'',	'',	'',	'',	'',	'',	'RENJA'),
(320,	'MURNI',	'2018',	'1',	'04',	'01',	'02',	'001',	0,	0,	9,	1,	'',	'',	'',	'',	'',	'',	'',	'',	'',	'',	'',	'',	'',	'',	'',	69,	'',	'',	'12000000',	'',	'',	0,	'17-04-11',	'kszxpo',	'',	'',	'',	'DAK',	'RENJA'),
(321,	'MURNI',	'2018',	'1',	'04',	'01',	'03',	'000',	0,	0,	0,	0,	'',	'',	'',	'',	'',	'',	'',	'',	'',	'',	'',	'',	'',	'',	'',	69,	'',	'',	'',	'',	'',	0,	'',	'',	'',	'',	'',	'',	'RENJA'),
(322,	'MURNI',	'2018',	'1',	'04',	'01',	'03',	'001',	0,	0,	0,	0,	'',	'',	'',	'',	'',	'',	'',	'',	'',	'',	'',	'',	'',	'',	'',	69,	'',	'',	'',	'',	'',	0,	'',	'',	'',	'',	'',	'',	'RENJA'),
(323,	'MURNI',	'2018',	'1',	'04',	'01',	'03',	'001',	2,	2,	19,	0,	'',	'',	'',	'',	'',	'',	'',	'',	'',	'',	'',	'',	'',	'',	'',	69,	'',	'',	'',	'',	'',	0,	'',	'',	'',	'',	'',	'',	'RENJA'),
(324,	'MURNI',	'2018',	'1',	'04',	'01',	'03',	'001',	2,	2,	19,	3,	'',	'',	'',	'',	'',	'',	'',	'',	'',	'',	'',	'',	'',	'',	'',	69,	'',	'',	'15000000',	'',	'',	0,	'17-04-11',	'kszxpo',	'',	'',	'',	'APBD',	'RENJA'),
(325,	'MURNI',	'2018',	'1',	'04',	'01',	'03',	'001',	0,	0,	9,	0,	'',	'',	'',	'',	'',	'',	'',	'',	'',	'',	'',	'',	'',	'',	'',	69,	'',	'',	'',	'',	'',	0,	'',	'',	'',	'',	'',	'',	'RENJA'),
(326,	'MURNI',	'2018',	'1',	'04',	'01',	'03',	'001',	0,	0,	9,	1,	'',	'',	'',	'',	'',	'',	'',	'',	'',	'',	'',	'',	'',	'',	'',	69,	'',	'',	'9000000',	'',	'',	0,	'17-04-11',	'kszxpo',	'',	'',	'',	'JKN',	'RENJA'),
(327,	'MURNI',	'2018',	'1',	'04',	'01',	'04',	'000',	0,	0,	0,	0,	'',	'',	'',	'',	'',	'',	'',	'',	'',	'',	'',	'',	'',	'',	'',	69,	'',	'',	'',	'',	'',	0,	'',	'',	'',	'',	'',	'',	'RENJA'),
(328,	'MURNI',	'2018',	'1',	'04',	'01',	'04',	'001',	0,	0,	0,	0,	'',	'',	'',	'',	'',	'',	'',	'',	'',	'',	'',	'',	'',	'',	'',	69,	'',	'',	'',	'',	'',	0,	'',	'',	'',	'',	'',	'',	'RENJA'),
(329,	'MURNI',	'2018',	'1',	'04',	'01',	'04',	'001',	0,	0,	3,	0,	'',	'',	'',	'',	'',	'',	'',	'',	'',	'',	'',	'',	'',	'',	'',	69,	'',	'',	'',	'',	'',	0,	'',	'',	'',	'',	'',	'',	'RENJA'),
(330,	'MURNI',	'2018',	'1',	'04',	'01',	'04',	'001',	0,	0,	3,	2,	'',	'',	'',	'',	'',	'',	'',	'',	'',	'',	'',	'',	'',	'',	'',	69,	'',	'',	'10000000',	'',	'',	0,	'17-04-11',	'kszxpo',	'',	'',	'',	'APBD',	'RENJA'),
(331,	'MURNI',	'2018',	'1',	'04',	'01',	'04',	'001',	2,	2,	23,	0,	'',	'',	'',	'',	'',	'',	'',	'',	'',	'',	'',	'',	'',	'',	'',	69,	'',	'',	'',	'',	'',	0,	'',	'',	'',	'',	'',	'',	'RENJA'),
(332,	'MURNI',	'2018',	'1',	'04',	'01',	'04',	'001',	2,	2,	23,	2,	'',	'',	'',	'',	'',	'',	'',	'',	'',	'',	'',	'',	'',	'',	'',	69,	'',	'',	'20000000',	'',	'',	0,	'17-04-11',	'kszxpo',	'',	'',	'',	'Hibah Pusat',	'RENJA');

DROP VIEW IF EXISTS `view_plafon`;
CREATE TABLE `view_plafon` (`jenis_form_modul` text, `nama_modul` text, `status_validasi` text, `tanggal_validasi` text, `user_validasi` text, `id_modul` int(11), `jenis_anggaran` text, `tahun` char(4), `id_anggaran` int(11), `urut` varchar(14), `c1` char(1), `c` char(2), `d` char(2), `e` char(2), `e1` char(3), `bk` tinyint(3), `ck` tinyint(3), `p` tinyint(4), `q` tinyint(4), `plafon` text, `id_tahap` int(11), `no_urut` text);


DROP VIEW IF EXISTS `view_renja`;
CREATE TABLE `view_renja` (`nama_modul` text, `urut` varbinary(34), `id_anggaran` int(11), `jenis_anggaran` text, `tahun` char(4), `c1` char(1), `c` char(2), `d` char(2), `e` char(2), `e1` char(3), `bk` tinyint(3), `ck` tinyint(3), `p` tinyint(4), `q` tinyint(4), `jumlah` text, `id_tahap` int(11), `target_kinerja` text, `hasil_tuk` text, `sumber_dana` text, `no_urut` text);


DROP TABLE IF EXISTS `view_plafon`;
CREATE ALGORITHM=UNDEFINED SQL SECURITY DEFINER VIEW `view_plafon` AS select `ref_tahap_anggaran`.`jenis_form_modul` AS `jenis_form_modul`,`ref_modul`.`nama_modul` AS `nama_modul`,`tabel_anggaran`.`status_validasi` AS `status_validasi`,`tabel_anggaran`.`tanggal_validasi` AS `tanggal_validasi`,`tabel_anggaran`.`user_validasi` AS `user_validasi`,`ref_modul`.`id_modul` AS `id_modul`,`tabel_anggaran`.`jenis_anggaran` AS `jenis_anggaran`,`tabel_anggaran`.`tahun` AS `tahun`,`tabel_anggaran`.`id_anggaran` AS `id_anggaran`,concat(`tabel_anggaran`.`c1`,'.',`tabel_anggaran`.`c`,'.',`tabel_anggaran`.`d`,'.',`tabel_anggaran`.`e`,'.',`tabel_anggaran`.`e1`) AS `urut`,`tabel_anggaran`.`c1` AS `c1`,`tabel_anggaran`.`c` AS `c`,`tabel_anggaran`.`d` AS `d`,`tabel_anggaran`.`e` AS `e`,`tabel_anggaran`.`e1` AS `e1`,`tabel_anggaran`.`bk` AS `bk`,`tabel_anggaran`.`ck` AS `ck`,`tabel_anggaran`.`p` AS `p`,`tabel_anggaran`.`q` AS `q`,`tabel_anggaran`.`jumlah` AS `plafon`,`tabel_anggaran`.`id_tahap` AS `id_tahap`,`ref_tahap_anggaran`.`no_urut` AS `no_urut` from ((`tabel_anggaran` left join `ref_tahap_anggaran` on((`ref_tahap_anggaran`.`id_tahap` = `tabel_anggaran`.`id_tahap`))) join `ref_modul` on((`ref_modul`.`nama_modul` = `tabel_anggaran`.`nama_modul`))) where ((`tabel_anggaran`.`e` = '00') and (`tabel_anggaran`.`e1` = '000') and (`tabel_anggaran`.`bk` = '0') and (`tabel_anggaran`.`ck` = '0') and (`tabel_anggaran`.`p` = '0') and (`tabel_anggaran`.`q` = '0') and (`ref_modul`.`nama_modul` = 'PLAFON')) order by concat(`tabel_anggaran`.`c1`,'.',`tabel_anggaran`.`c`,'.',`tabel_anggaran`.`d`,'.',`tabel_anggaran`.`e`,'.',`tabel_anggaran`.`e1`),`tabel_anggaran`.`id_tahap`;

DROP TABLE IF EXISTS `view_renja`;
CREATE ALGORITHM=UNDEFINED SQL SECURITY DEFINER VIEW `view_renja` AS select `ref_modul`.`nama_modul` AS `nama_modul`,concat(`tabel_anggaran`.`c1`,'.',`tabel_anggaran`.`c`,'.',`tabel_anggaran`.`d`,'.',`tabel_anggaran`.`e`,'.',`tabel_anggaran`.`e1`,'.',`tabel_anggaran`.`bk`,'.',`tabel_anggaran`.`ck`,'.',`tabel_anggaran`.`p`,'.',`tabel_anggaran`.`q`) AS `urut`,`tabel_anggaran`.`id_anggaran` AS `id_anggaran`,`tabel_anggaran`.`jenis_anggaran` AS `jenis_anggaran`,`tabel_anggaran`.`tahun` AS `tahun`,`tabel_anggaran`.`c1` AS `c1`,`tabel_anggaran`.`c` AS `c`,`tabel_anggaran`.`d` AS `d`,`tabel_anggaran`.`e` AS `e`,`tabel_anggaran`.`e1` AS `e1`,`tabel_anggaran`.`bk` AS `bk`,`tabel_anggaran`.`ck` AS `ck`,`tabel_anggaran`.`p` AS `p`,`tabel_anggaran`.`q` AS `q`,`tabel_anggaran`.`jumlah` AS `jumlah`,`tabel_anggaran`.`id_tahap` AS `id_tahap`,`detail_renja`.`capaian_program_tk` AS `target_kinerja`,`detail_renja`.`hasil_tuk` AS `hasil_tuk`,`tabel_anggaran`.`sumber_dana` AS `sumber_dana`,`ref_tahap_anggaran`.`no_urut` AS `no_urut` from (((`tabel_anggaran` left join `detail_renja` on((`detail_renja`.`id_anggaran` = `tabel_anggaran`.`id_anggaran`))) left join `ref_tahap_anggaran` on((`tabel_anggaran`.`id_tahap` = `ref_tahap_anggaran`.`id_tahap`))) join `ref_modul` on((`tabel_anggaran`.`nama_modul` = `ref_modul`.`nama_modul`))) where (`ref_modul`.`nama_modul` = 'RENJA');

-- 2017-04-11 06:20:24
